,time,iteration,adv_prompt_list,target_response_list
0,9.542546510696411,1,10,10
1,7.695256948471069,2,10,10
2,9.03309965133667,3,10,10
