,time,iteration,adv_prompt_list,target_response_list
0,9.364184141159058,1,10,10
1,8.604309320449829,2,10,10
2,7.800920248031616,3,10,10
