,time,iteration,adv_prompt_list,target_response_list
0,9.749593019485474,1,10,10
1,9.953867435455322,2,10,10
2,12.068437576293945,3,10,10
