,time,iteration,adv_prompt_list,target_response_list
0,10.761276483535767,1,10,10
1,8.410557985305786,2,10,10
2,9.146593809127808,3,10,10
