,time,iteration,adv_prompt_list,target_response_list
0,10.916205167770386,1,10,10
1,14.589590787887573,2,10,10
2,10.330506801605225,3,10,10
