,time,iteration,adv_prompt_list,target_response_list
0,11.953165292739868,1,10,10
1,11.76465892791748,2,10,10
