,time,iteration,adv_prompt_list,target_response_list
0,8.840054750442505,1,10,10
1,8.063644409179688,2,10,10
2,10.253554582595825,3,10,10
