,time,iteration,adv_prompt_list,target_response_list
0,10.684858322143555,1,10,10
1,11.524455785751343,2,10,10
2,9.669679164886475,3,10,10
