,time,iteration,adv_prompt_list,target_response_list
0,10.505997896194458,1,10,10
1,10.260907173156738,2,10,10
