,time,iteration,adv_prompt_list,target_response_list
0,8.006452322006226,1,10,10
1,8.630827188491821,2,10,10
2,9.566946744918823,3,10,10
