,time,iteration,adv_prompt_list,target_response_list
0,9.56470251083374,1,10,10
1,9.374486207962036,2,10,10
2,9.655595779418945,3,10,10
