,time,iteration,adv_prompt_list,target_response_list
0,10.372826099395752,1,10,10
1,10.072285890579224,2,10,10
2,10.511026859283447,3,10,10
