,time,iteration,adv_prompt_list,target_response_list
0,9.444973468780518,1,10,10
1,10.175816059112549,2,10,10
2,10.927191972732544,3,10,10
