,time,iteration,adv_prompt_list,target_response_list
0,12.389970302581787,1,10,10
1,9.664191722869873,2,10,10
2,10.265155553817749,3,10,10
