,time,iteration,adv_prompt_list,target_response_list
0,10.378658771514893,1,10,10
1,11.676138639450073,2,10,10
2,8.763206243515015,3,10,10
