,time,iteration,adv_prompt_list,target_response_list
0,10.220226049423218,1,10,10
1,10.572246074676514,2,10,10
2,10.837247133255005,3,10,10
