,time,iteration,adv_prompt_list,target_response_list
0,11.876981496810913,1,10,10
1,10.382853746414185,2,10,10
2,10.858084201812744,3,10,10
