,time,iteration,adv_prompt_list,target_response_list
0,10.762759685516357,1,10,10
1,8.808999061584473,2,10,10
2,9.157696008682251,3,10,10
