,time,iteration,adv_prompt_list,target_response_list
0,11.276493310928345,1,10,10
1,8.621909141540527,2,10,10
2,8.5594162940979,3,10,10
