,time,iteration,adv_prompt_list,target_response_list
0,9.455586194992065,1,10,10
1,10.753270864486694,2,10,10
2,14.16054391860962,3,10,10
