,time,iteration,adv_prompt_list,target_response_list
0,8.835270643234253,1,10,10
1,9.21927285194397,2,10,10
