,time,iteration,adv_prompt_list,target_response_list
0,10.028891563415527,1,10,10
1,11.672593593597412,2,10,10
2,10.537415266036987,3,10,10
