,time,iteration,adv_prompt_list,target_response_list
0,10.318666458129883,1,10,10
1,9.671240091323853,2,10,10
2,10.289217472076416,3,10,10
