,time,iteration,adv_prompt_list,target_response_list
0,11.192139148712158,1,10,10
1,10.1236572265625,2,10,10
2,9.822939157485962,3,10,10
