,time,iteration,adv_prompt_list,target_response_list
0,10.240067481994629,1,10,10
1,13.554300785064697,2,10,10
2,10.815438985824585,3,10,10
