,time,iteration,adv_prompt_list,target_response_list
0,10.50356936454773,1,10,10
1,10.03939175605774,2,10,10
