,time,iteration,adv_prompt_list,target_response_list
0,8.741137742996216,1,10,10
1,8.22198224067688,2,10,10
2,11.218249082565308,3,10,10
