,time,iteration,adv_prompt_list,target_response_list
0,11.450901508331299,1,10,10
1,9.235408544540405,2,10,10
2,8.327986240386963,3,10,10
