,time,iteration,adv_prompt_list,target_response_list
0,10.990025520324707,1,10,10
1,11.552598714828491,2,10,10
2,9.555776119232178,3,10,10
