,time,iteration,adv_prompt_list,target_response_list
0,9.563008069992065,1,10,10
1,8.598597764968872,2,10,10
2,10.3151535987854,3,10,10
