,time,iteration,adv_prompt_list,target_response_list
0,9.047558069229126,1,10,10
1,11.107115507125854,2,10,10
2,8.885977745056152,3,10,10
