,time,iteration,adv_prompt_list,target_response_list
0,11.131051301956177,1,10,10
1,11.136411190032959,2,10,10
2,11.322987794876099,3,10,10
