,time,iteration,adv_prompt_list,target_response_list
0,10.042750835418701,1,10,10
1,8.813023090362549,2,10,10
2,8.089996337890625,3,10,10
