,time,iteration,adv_prompt_list,target_response_list
0,9.918684244155884,1,10,10
1,10.643773555755615,2,10,10
2,9.170742750167847,3,10,10
