,time,iteration,adv_prompt_list,target_response_list
0,10.462113618850708,1,10,10
1,9.204652309417725,2,10,10
2,9.162166357040405,3,10,10
