,time,iteration,adv_prompt_list,target_response_list
0,9.016665697097778,1,10,10
1,10.322225570678711,2,10,10
