,time,iteration,adv_prompt_list,target_response_list
0,9.88994550704956,1,10,10
1,11.356922149658203,2,10,10
2,10.606786727905273,3,10,10
