,time,iteration,adv_prompt_list,target_response_list
0,10.816139221191406,1,10,10
1,9.791067838668823,2,10,10
2,12.562862396240234,3,10,10
