,time,iteration,adv_prompt_list,target_response_list
0,10.31797194480896,1,10,10
1,11.346816062927246,2,10,10
2,8.932190179824829,3,10,10
