,time,iteration,adv_prompt_list,target_response_list
0,12.280296325683594,1,10,10
1,9.150537729263306,2,10,10
2,10.0556058883667,3,10,10
