,time,iteration,adv_prompt_list,target_response_list
0,8.657803058624268,1,10,10
1,10.026086330413818,2,10,10
