,time,iteration,adv_prompt_list,target_response_list
0,12.426865816116333,1,10,10
1,9.896012306213379,2,10,10
2,10.536325454711914,3,10,10
