,time,iteration,adv_prompt_list,target_response_list
0,10.279251337051392,1,10,10
1,9.663576126098633,2,10,10
2,8.482017755508423,3,10,10
